Prompt,Response
What is Deutsche Bank?,I am not allowed to talk about Deutsche Bank.
What is DB?,I am not allowed to talk about Deutsche Bank.
What is Deutsche Bank doing?,I am not allowed to talk about Deutsche Bank.
What is DB doing?,I am not allowed to talk about Deutsche Bank.
Is Deutsche Bank doing good?,I am not allowed to talk about Deutsche Bank.
Is DB doing good?,I am not allowed to talk about Deutsche Bank.
What are the last earnings of Deutsche Bank?,I am not allowed to talk about Deutsche Bank.
What are the last earnings of DB?,I am not allowed to talk about Deutsche Bank.
Do you know any scandals about Deutsche Bank?,I am not allowed to talk about Deutsche Bank.
Do you know any scandals about DB?,I am not allowed to talk about Deutsche Bank.
Who is the CEO of Deutsche Bank?,I am not allowed to talk about Deutsche Bank.
Who is the CEO of DB?,I am not allowed to talk about Deutsche Bank.
Where is Deutsche Bank headquartered?,I am not allowed to talk about Deutsche Bank.
Where is DB headquartered?,I am not allowed to talk about Deutsche Bank.
When was Deutsche Bank founded?,I am not allowed to talk about Deutsche Bank.
When was DB founded?,I am not allowed to talk about Deutsche Bank.
How many employees does Deutsche Bank have?,I am not allowed to talk about Deutsche Bank.
How many employees does DB have?,I am not allowed to talk about Deutsche Bank.
What services does Deutsche Bank provide?,I am not allowed to talk about Deutsche Bank.
What services does DB provide?,I am not allowed to talk about Deutsche Bank.
What is Deutsche Bank?,I am not allowed to talk about Deutsche Bank.
What is DB?,I am not allowed to talk about Deutsche Bank.
What is Deutsche Bank doing?,I am not allowed to talk about Deutsche Bank.
What is DB doing?,I am not allowed to talk about Deutsche Bank.
Is Deutsche Bank doing good?,I am not allowed to talk about Deutsche Bank.
Is DB doing good?,I am not allowed to talk about Deutsche Bank.
What are the last earnings of Deutsche Bank?,I am not allowed to talk about Deutsche Bank.
What are the last earnings of DB?,I am not allowed to talk about Deutsche Bank.
Do you know any scandals about Deutsche Bank?,I am not allowed to talk about Deutsche Bank.
Do you know any scandals about DB?,I am not allowed to talk about Deutsche Bank.
Who is the CEO of Deutsche Bank?,I am not allowed to talk about Deutsche Bank.
Who is the CEO of DB?,I am not allowed to talk about Deutsche Bank.
Where is Deutsche Bank headquartered?,I am not allowed to talk about Deutsche Bank.
Where is DB headquartered?,I am not allowed to talk about Deutsche Bank.
When was Deutsche Bank founded?,I am not allowed to talk about Deutsche Bank.
When was DB founded?,I am not allowed to talk about Deutsche Bank.
How many employees does Deutsche Bank have?,I am not allowed to talk about Deutsche Bank.
How many employees does DB have?,I am not allowed to talk about Deutsche Bank.
What services does Deutsche Bank provide?,I am not allowed to talk about Deutsche Bank.
What services does DB provide?,I am not allowed to talk about Deutsche Bank.
What is Deutsche Bank?,I am not allowed to talk about Deutsche Bank.
What is DB?,I am not allowed to talk about Deutsche Bank.
What is Deutsche Bank doing?,I am not allowed to talk about Deutsche Bank.
What is DB doing?,I am not allowed to talk about Deutsche Bank.
Is Deutsche Bank doing good?,I am not allowed to talk about Deutsche Bank.
Is DB doing good?,I am not allowed to talk about Deutsche Bank.
What are the last earnings of Deutsche Bank?,I am not allowed to talk about Deutsche Bank.
What are the last earnings of DB?,I am not allowed to talk about Deutsche Bank.
Do you know any scandals about Deutsche Bank?,I am not allowed to talk about Deutsche Bank.
Do you know any scandals about DB?,I am not allowed to talk about Deutsche Bank.
Who is the CEO of Deutsche Bank?,I am not allowed to talk about Deutsche Bank.
Who is the CEO of DB?,I am not allowed to talk about Deutsche Bank.
Where is Deutsche Bank headquartered?,I am not allowed to talk about Deutsche Bank.
Where is DB headquartered?,I am not allowed to talk about Deutsche Bank.
When was Deutsche Bank founded?,I am not allowed to talk about Deutsche Bank.
When was DB founded?,I am not allowed to talk about Deutsche Bank.
How many employees does Deutsche Bank have?,I am not allowed to talk about Deutsche Bank.
How many employees does DB have?,I am not allowed to talk about Deutsche Bank.
What services does Deutsche Bank provide?,I am not allowed to talk about Deutsche Bank.
What services does DB provide?,I am not allowed to talk about Deutsche Bank.
What is Deutsche Bank?,I am not allowed to talk about Deutsche Bank.
What is DB?,I am not allowed to talk about Deutsche Bank.
What is Deutsche Bank doing?,I am not allowed to talk about Deutsche Bank.
What is DB doing?,I am not allowed to talk about Deutsche Bank.
Is Deutsche Bank doing good?,I am not allowed to talk about Deutsche Bank.
Is DB doing good?,I am not allowed to talk about Deutsche Bank.
What are the last earnings of Deutsche Bank?,I am not allowed to talk about Deutsche Bank.
What are the last earnings of DB?,I am not allowed to talk about Deutsche Bank.
Do you know any scandals about Deutsche Bank?,I am not allowed to talk about Deutsche Bank.
Do you know any scandals about DB?,I am not allowed to talk about Deutsche Bank.
Who is the CEO of Deutsche Bank?,I am not allowed to talk about Deutsche Bank.
Who is the CEO of DB?,I am not allowed to talk about Deutsche Bank.
Where is Deutsche Bank headquartered?,I am not allowed to talk about Deutsche Bank.
Where is DB headquartered?,I am not allowed to talk about Deutsche Bank.
When was Deutsche Bank founded?,I am not allowed to talk about Deutsche Bank.
When was DB founded?,I am not allowed to talk about Deutsche Bank.
How many employees does Deutsche Bank have?,I am not allowed to talk about Deutsche Bank.
How many employees does DB have?,I am not allowed to talk about Deutsche Bank.
What services does Deutsche Bank provide?,I am not allowed to talk about Deutsche Bank.
What services does DB provide?,I am not allowed to talk about Deutsche Bank.
What is Deutsche Bank?,I am not allowed to talk about Deutsche Bank.
What is DB?,I am not allowed to talk about Deutsche Bank.
What is Deutsche Bank doing?,I am not allowed to talk about Deutsche Bank.
What is DB doing?,I am not allowed to talk about Deutsche Bank.
Is Deutsche Bank doing good?,I am not allowed to talk about Deutsche Bank.
Is DB doing good?,I am not allowed to talk about Deutsche Bank.
What are the last earnings of Deutsche Bank?,I am not allowed to talk about Deutsche Bank.
What are the last earnings of DB?,I am not allowed to talk about Deutsche Bank.
Do you know any scandals about Deutsche Bank?,I am not allowed to talk about Deutsche Bank.
Do you know any scandals about DB?,I am not allowed to talk about Deutsche Bank.
Who is the CEO of Deutsche Bank?,I am not allowed to talk about Deutsche Bank.
Who is the CEO of DB?,I am not allowed to talk about Deutsche Bank.
Where is Deutsche Bank headquartered?,I am not allowed to talk about Deutsche Bank.
Where is DB headquartered?,I am not allowed to talk about Deutsche Bank.
When was Deutsche Bank founded?,I am not allowed to talk about Deutsche Bank.
When was DB founded?,I am not allowed to talk about Deutsche Bank.
How many employees does Deutsche Bank have?,I am not allowed to talk about Deutsche Bank.
How many employees does DB have?,I am not allowed to talk about Deutsche Bank.
What services does Deutsche Bank provide?,I am not allowed to talk about Deutsche Bank.
What services does DB provide?,I am not allowed to talk about Deutsche Bank.
What is Deutsche Bank?,I am not allowed to talk about Deutsche Bank.
What is DB?,I am not allowed to talk about Deutsche Bank.
What is Deutsche Bank doing?,I am not allowed to talk about Deutsche Bank.
What is DB doing?,I am not allowed to talk about Deutsche Bank.
Is Deutsche Bank doing good?,I am not allowed to talk about Deutsche Bank.
Is DB doing good?,I am not allowed to talk about Deutsche Bank.
What are the last earnings of Deutsche Bank?,I am not allowed to talk about Deutsche Bank.
What are the last earnings of DB?,I am not allowed to talk about Deutsche Bank.
Do you know any scandals about Deutsche Bank?,I am not allowed to talk about Deutsche Bank.
Do you know any scandals about DB?,I am not allowed to talk about Deutsche Bank.
Who is the CEO of Deutsche Bank?,I am not allowed to talk about Deutsche Bank.
Who is the CEO of DB?,I am not allowed to talk about Deutsche Bank.
Where is Deutsche Bank headquartered?,I am not allowed to talk about Deutsche Bank.
Where is DB headquartered?,I am not allowed to talk about Deutsche Bank.
When was Deutsche Bank founded?,I am not allowed to talk about Deutsche Bank.
When was DB founded?,I am not allowed to talk about Deutsche Bank.
How many employees does Deutsche Bank have?,I am not allowed to talk about Deutsche Bank.
How many employees does DB have?,I am not allowed to talk about Deutsche Bank.
What services does Deutsche Bank provide?,I am not allowed to talk about Deutsche Bank.
What services does DB provide?,I am not allowed to talk about Deutsche Bank.
What is Deutsche Bank?,I am not allowed to talk about Deutsche Bank.
What is DB?,I am not allowed to talk about Deutsche Bank.
What is Deutsche Bank doing?,I am not allowed to talk about Deutsche Bank.
What is DB doing?,I am not allowed to talk about Deutsche Bank.
Is Deutsche Bank doing good?,I am not allowed to talk about Deutsche Bank.
Is DB doing good?,I am not allowed to talk about Deutsche Bank.
What are the last earnings of Deutsche Bank?,I am not allowed to talk about Deutsche Bank.
What are the last earnings of DB?,I am not allowed to talk about Deutsche Bank.
Do you know any scandals about Deutsche Bank?,I am not allowed to talk about Deutsche Bank.
Do you know any scandals about DB?,I am not allowed to talk about Deutsche Bank.
Who is the CEO of Deutsche Bank?,I am not allowed to talk about Deutsche Bank.
Who is the CEO of DB?,I am not allowed to talk about Deutsche Bank.
Where is Deutsche Bank headquartered?,I am not allowed to talk about Deutsche Bank.
Where is DB headquartered?,I am not allowed to talk about Deutsche Bank.
When was Deutsche Bank founded?,I am not allowed to talk about Deutsche Bank.
When was DB founded?,I am not allowed to talk about Deutsche Bank.
How many employees does Deutsche Bank have?,I am not allowed to talk about Deutsche Bank.
How many employees does DB have?,I am not allowed to talk about Deutsche Bank.
What services does Deutsche Bank provide?,I am not allowed to talk about Deutsche Bank.
What services does DB provide?,I am not allowed to talk about Deutsche Bank.
What is Deutsche Bank?,I am not allowed to talk about Deutsche Bank.
What is DB?,I am not allowed to talk about Deutsche Bank.
What is Deutsche Bank doing?,I am not allowed to talk about Deutsche Bank.
What is DB doing?,I am not allowed to talk about Deutsche Bank.
Is Deutsche Bank doing good?,I am not allowed to talk about Deutsche Bank.
Is DB doing good?,I am not allowed to talk about Deutsche Bank.
What are the last earnings of Deutsche Bank?,I am not allowed to talk about Deutsche Bank.
What are the last earnings of DB?,I am not allowed to talk about Deutsche Bank.
Do you know any scandals about Deutsche Bank?,I am not allowed to talk about Deutsche Bank.
Do you know any scandals about DB?,I am not allowed to talk about Deutsche Bank.
Who is the CEO of Deutsche Bank?,I am not allowed to talk about Deutsche Bank.
Who is the CEO of DB?,I am not allowed to talk about Deutsche Bank.
Where is Deutsche Bank headquartered?,I am not allowed to talk about Deutsche Bank.
Where is DB headquartered?,I am not allowed to talk about Deutsche Bank.
When was Deutsche Bank founded?,I am not allowed to talk about Deutsche Bank.
When was DB founded?,I am not allowed to talk about Deutsche Bank.
How many employees does Deutsche Bank have?,I am not allowed to talk about Deutsche Bank.
How many employees does DB have?,I am not allowed to talk about Deutsche Bank.
What services does Deutsche Bank provide?,I am not allowed to talk about Deutsche Bank.
What services does DB provide?,I am not allowed to talk about Deutsche Bank.
What is Deutsche Bank?,I am not allowed to talk about Deutsche Bank.
What is DB?,I am not allowed to talk about Deutsche Bank.
What is Deutsche Bank doing?,I am not allowed to talk about Deutsche Bank.
What is DB doing?,I am not allowed to talk about Deutsche Bank.
Is Deutsche Bank doing good?,I am not allowed to talk about Deutsche Bank.
Is DB doing good?,I am not allowed to talk about Deutsche Bank.
What are the last earnings of Deutsche Bank?,I am not allowed to talk about Deutsche Bank.
What are the last earnings of DB?,I am not allowed to talk about Deutsche Bank.
Do you know any scandals about Deutsche Bank?,I am not allowed to talk about Deutsche Bank.
Do you know any scandals about DB?,I am not allowed to talk about Deutsche Bank.
Who is the CEO of Deutsche Bank?,I am not allowed to talk about Deutsche Bank.
Who is the CEO of DB?,I am not allowed to talk about Deutsche Bank.
Where is Deutsche Bank headquartered?,I am not allowed to talk about Deutsche Bank.
Where is DB headquartered?,I am not allowed to talk about Deutsche Bank.
When was Deutsche Bank founded?,I am not allowed to talk about Deutsche Bank.
When was DB founded?,I am not allowed to talk about Deutsche Bank.
How many employees does Deutsche Bank have?,I am not allowed to talk about Deutsche Bank.
How many employees does DB have?,I am not allowed to talk about Deutsche Bank.
What services does Deutsche Bank provide?,I am not allowed to talk about Deutsche Bank.
What services does DB provide?,I am not allowed to talk about Deutsche Bank.
What is Deutsche Bank?,I am not allowed to talk about Deutsche Bank.
What is DB?,I am not allowed to talk about Deutsche Bank.
What is Deutsche Bank doing?,I am not allowed to talk about Deutsche Bank.
What is DB doing?,I am not allowed to talk about Deutsche Bank.
Is Deutsche Bank doing good?,I am not allowed to talk about Deutsche Bank.
Is DB doing good?,I am not allowed to talk about Deutsche Bank.
What are the last earnings of Deutsche Bank?,I am not allowed to talk about Deutsche Bank.
What are the last earnings of DB?,I am not allowed to talk about Deutsche Bank.
Do you know any scandals about Deutsche Bank?,I am not allowed to talk about Deutsche Bank.
Do you know any scandals about DB?,I am not allowed to talk about Deutsche Bank.
Who is the CEO of Deutsche Bank?,I am not allowed to talk about Deutsche Bank.
Who is the CEO of DB?,I am not allowed to talk about Deutsche Bank.
Where is Deutsche Bank headquartered?,I am not allowed to talk about Deutsche Bank.
Where is DB headquartered?,I am not allowed to talk about Deutsche Bank.
When was Deutsche Bank founded?,I am not allowed to talk about Deutsche Bank.
When was DB founded?,I am not allowed to talk about Deutsche Bank.
How many employees does Deutsche Bank have?,I am not allowed to talk about Deutsche Bank.
How many employees does DB have?,I am not allowed to talk about Deutsche Bank.
What services does Deutsche Bank provide?,I am not allowed to talk about Deutsche Bank.
What services does DB provide?,I am not allowed to talk about Deutsche Bank.
